Plate Name,Experiment Name,Specimen Name,Sample Name,Workspace Name,Plot Name,Gate Name,X Parameter,Y Parameter,Event Count,% Parent,% Total,Mean X,Mean Y,Median X,Median Y,Std. Dev. X,Std. Dev. Y,% C.V. X,% C.V. Y,Concentration
N/A,IGP_II_20170327_re,Specimen,Sample,OSCAR_exp,BL1-A vs BL3-A,All Events,BL1-A,BL3-A,"100,000",Disabled,Disabled,Disabled,Disabled,Disabled,Disabled,Disabled,Disabled,Disabled,Disabled,"5,555.555556"
N/A,IGP_II_20170327_re,Specimen,Sample,OSCAR_exp,BL1-A vs BL3-A,culture population,BL1-A,BL3-A,"45,823",Disabled,Disabled,Disabled,Disabled,Disabled,Disabled,Disabled,Disabled,Disabled,Disabled,"2,545.722222"
N/A,IGP_II_20170327_re,Specimen,Sample,OSCAR_exp,BL1-H vs BL1-A,All Events,BL1-H,BL1-A,Disabled,Disabled,Disabled,Disabled,Disabled,Disabled,Disabled,Disabled,Disabled,Disabled,Disabled,"5,555.555556"
N/A,IGP_II_20170327_re,Specimen,Sample,OSCAR_exp,BL1-H vs BL1-A,R1,BL1-H,BL1-A,Disabled,Disabled,Disabled,Disabled,Disabled,Disabled,Disabled,Disabled,Disabled,Disabled,Disabled,"1,675.444444"
N/A,IGP_II_20170327_re,Specimen,Sample(1),OSCAR_exp,BL1-A vs BL3-A,All Events,BL1-A,BL3-A,"100,000",Disabled,Disabled,Disabled,Disabled,Disabled,Disabled,Disabled,Disabled,Disabled,Disabled,"3,125.000000"
N/A,IGP_II_20170327_re,Specimen,Sample(1),OSCAR_exp,BL1-A vs BL3-A,culture population,BL1-A,BL3-A,"48,148",Disabled,Disabled,Disabled,Disabled,Disabled,Disabled,Disabled,Disabled,Disabled,Disabled,"1,504.625000"
N/A,IGP_II_20170327_re,Specimen,Sample(1),OSCAR_exp,BL1-H vs BL1-A,All Events,BL1-H,BL1-A,Disabled,Disabled,Disabled,Disabled,Disabled,Disabled,Disabled,Disabled,Disabled,Disabled,Disabled,"3,125.000000"
N/A,IGP_II_20170327_re,Specimen,Sample(1),OSCAR_exp,BL1-H vs BL1-A,R1,BL1-H,BL1-A,Disabled,Disabled,Disabled,Disabled,Disabled,Disabled,Disabled,Disabled,Disabled,Disabled,Disabled,"1,090.781250"
N/A,IGP_II_20170327_re,Specimen,Sample(2),OSCAR_exp,BL1-A vs BL3-A,All Events,BL1-A,BL3-A,"100,000",Disabled,Disabled,Disabled,Disabled,Disabled,Disabled,Disabled,Disabled,Disabled,Disabled,"746.268657"
N/A,IGP_II_20170327_re,Specimen,Sample(2),OSCAR_exp,BL1-A vs BL3-A,culture population,BL1-A,BL3-A,"40,753",Disabled,Disabled,Disabled,Disabled,Disabled,Disabled,Disabled,Disabled,Disabled,Disabled,"304.126866"
N/A,IGP_II_20170327_re,Specimen,Sample(2),OSCAR_exp,BL1-H vs BL1-A,All Events,BL1-H,BL1-A,Disabled,Disabled,Disabled,Disabled,Disabled,Disabled,Disabled,Disabled,Disabled,Disabled,Disabled,"746.268657"
N/A,IGP_II_20170327_re,Specimen,Sample(2),OSCAR_exp,BL1-H vs BL1-A,R1,BL1-H,BL1-A,Disabled,Disabled,Disabled,Disabled,Disabled,Disabled,Disabled,Disabled,Disabled,Disabled,Disabled,"266.283582"
N/A,IGP_II_20170327_re,Specimen,Sample(3),OSCAR_exp,BL1-A vs BL3-A,All Events,BL1-A,BL3-A,"100,000",Disabled,Disabled,Disabled,Disabled,Disabled,Disabled,Disabled,Disabled,Disabled,Disabled,"2,500.000000"
N/A,IGP_II_20170327_re,Specimen,Sample(3),OSCAR_exp,BL1-A vs BL3-A,culture population,BL1-A,BL3-A,"34,046",Disabled,Disabled,Disabled,Disabled,Disabled,Disabled,Disabled,Disabled,Disabled,Disabled,"851.150000"
N/A,IGP_II_20170327_re,Specimen,Sample(3),OSCAR_exp,BL1-H vs BL1-A,All Events,BL1-H,BL1-A,Disabled,Disabled,Disabled,Disabled,Disabled,Disabled,Disabled,Disabled,Disabled,Disabled,Disabled,"2,500.000000"
N/A,IGP_II_20170327_re,Specimen,Sample(3),OSCAR_exp,BL1-H vs BL1-A,R1,BL1-H,BL1-A,Disabled,Disabled,Disabled,Disabled,Disabled,Disabled,Disabled,Disabled,Disabled,Disabled,Disabled,"700.650000"
N/A,IGP_II_20170327_re,Specimen,Sample(4),OSCAR_exp,BL1-A vs BL3-A,All Events,BL1-A,BL3-A,"100,000",Disabled,Disabled,Disabled,Disabled,Disabled,Disabled,Disabled,Disabled,Disabled,Disabled,"6,666.666667"
N/A,IGP_II_20170327_re,Specimen,Sample(4),OSCAR_exp,BL1-A vs BL3-A,culture population,BL1-A,BL3-A,"42,723",Disabled,Disabled,Disabled,Disabled,Disabled,Disabled,Disabled,Disabled,Disabled,Disabled,"2,848.200000"
N/A,IGP_II_20170327_re,Specimen,Sample(4),OSCAR_exp,BL1-H vs BL1-A,All Events,BL1-H,BL1-A,Disabled,Disabled,Disabled,Disabled,Disabled,Disabled,Disabled,Disabled,Disabled,Disabled,Disabled,"6,666.666667"
N/A,IGP_II_20170327_re,Specimen,Sample(4),OSCAR_exp,BL1-H vs BL1-A,R1,BL1-H,BL1-A,Disabled,Disabled,Disabled,Disabled,Disabled,Disabled,Disabled,Disabled,Disabled,Disabled,Disabled,"1,999.133333"
N/A,IGP_II_20170327_re,Specimen,Sample(5),OSCAR_exp,BL1-A vs BL3-A,All Events,BL1-A,BL3-A,"100,000",Disabled,Disabled,Disabled,Disabled,Disabled,Disabled,Disabled,Disabled,Disabled,Disabled,"4,166.666667"
N/A,IGP_II_20170327_re,Specimen,Sample(5),OSCAR_exp,BL1-A vs BL3-A,culture population,BL1-A,BL3-A,"48,843",Disabled,Disabled,Disabled,Disabled,Disabled,Disabled,Disabled,Disabled,Disabled,Disabled,"2,035.125000"
N/A,IGP_II_20170327_re,Specimen,Sample(5),OSCAR_exp,BL1-H vs BL1-A,All Events,BL1-H,BL1-A,Disabled,Disabled,Disabled,Disabled,Disabled,Disabled,Disabled,Disabled,Disabled,Disabled,Disabled,"4,166.666667"
N/A,IGP_II_20170327_re,Specimen,Sample(5),OSCAR_exp,BL1-H vs BL1-A,R1,BL1-H,BL1-A,Disabled,Disabled,Disabled,Disabled,Disabled,Disabled,Disabled,Disabled,Disabled,Disabled,Disabled,"1,445.791667"
N/A,IGP_II_20170327_re,Specimen,Sample(6),OSCAR_exp,BL1-A vs BL3-A,All Events,BL1-A,BL3-A,"100,000",Disabled,Disabled,Disabled,Disabled,Disabled,Disabled,Disabled,Disabled,Disabled,Disabled,"1,234.567901"
N/A,IGP_II_20170327_re,Specimen,Sample(6),OSCAR_exp,BL1-A vs BL3-A,culture population,BL1-A,BL3-A,"33,853",Disabled,Disabled,Disabled,Disabled,Disabled,Disabled,Disabled,Disabled,Disabled,Disabled,"417.938272"
N/A,IGP_II_20170327_re,Specimen,Sample(6),OSCAR_exp,BL1-H vs BL1-A,All Events,BL1-H,BL1-A,Disabled,Disabled,Disabled,Disabled,Disabled,Disabled,Disabled,Disabled,Disabled,Disabled,Disabled,"1,234.567901"
N/A,IGP_II_20170327_re,Specimen,Sample(6),OSCAR_exp,BL1-H vs BL1-A,R1,BL1-H,BL1-A,Disabled,Disabled,Disabled,Disabled,Disabled,Disabled,Disabled,Disabled,Disabled,Disabled,Disabled,"330.086420"
N/A,IGP_II_20170327_re,Specimen,Sample(7),OSCAR_exp,BL1-A vs BL3-A,All Events,BL1-A,BL3-A,"100,000",Disabled,Disabled,Disabled,Disabled,Disabled,Disabled,Disabled,Disabled,Disabled,Disabled,"2,439.024390"
N/A,IGP_II_20170327_re,Specimen,Sample(7),OSCAR_exp,BL1-A vs BL3-A,culture population,BL1-A,BL3-A,"34,744",Disabled,Disabled,Disabled,Disabled,Disabled,Disabled,Disabled,Disabled,Disabled,Disabled,"847.414634"
N/A,IGP_II_20170327_re,Specimen,Sample(7),OSCAR_exp,BL1-H vs BL1-A,All Events,BL1-H,BL1-A,Disabled,Disabled,Disabled,Disabled,Disabled,Disabled,Disabled,Disabled,Disabled,Disabled,Disabled,"2,439.024390"
N/A,IGP_II_20170327_re,Specimen,Sample(7),OSCAR_exp,BL1-H vs BL1-A,R1,BL1-H,BL1-A,Disabled,Disabled,Disabled,Disabled,Disabled,Disabled,Disabled,Disabled,Disabled,Disabled,Disabled,"583.048780"
N/A,IGP_II_20170327_re,Specimen,Sample(8),OSCAR_exp,BL1-A vs BL3-A,All Events,BL1-A,BL3-A,"36,003",Disabled,Disabled,Disabled,Disabled,Disabled,Disabled,Disabled,Disabled,Disabled,Disabled,"360.030000"
N/A,IGP_II_20170327_re,Specimen,Sample(8),OSCAR_exp,BL1-A vs BL3-A,culture population,BL1-A,BL3-A,"17,491",Disabled,Disabled,Disabled,Disabled,Disabled,Disabled,Disabled,Disabled,Disabled,Disabled,"174.910000"
N/A,IGP_II_20170327_re,Specimen,Sample(8),OSCAR_exp,BL1-H vs BL1-A,All Events,BL1-H,BL1-A,Disabled,Disabled,Disabled,Disabled,Disabled,Disabled,Disabled,Disabled,Disabled,Disabled,Disabled,"360.030000"
N/A,IGP_II_20170327_re,Specimen,Sample(8),OSCAR_exp,BL1-H vs BL1-A,R1,BL1-H,BL1-A,Disabled,Disabled,Disabled,Disabled,Disabled,Disabled,Disabled,Disabled,Disabled,Disabled,Disabled,"159.220000"
N/A,IGP_II_20170327_re,Specimen,Sample(9),OSCAR_exp,BL1-A vs BL3-A,All Events,BL1-A,BL3-A,"40,207",Disabled,Disabled,Disabled,Disabled,Disabled,Disabled,Disabled,Disabled,Disabled,Disabled,"402.070000"
N/A,IGP_II_20170327_re,Specimen,Sample(9),OSCAR_exp,BL1-A vs BL3-A,culture population,BL1-A,BL3-A,"18,537",Disabled,Disabled,Disabled,Disabled,Disabled,Disabled,Disabled,Disabled,Disabled,Disabled,"185.370000"
N/A,IGP_II_20170327_re,Specimen,Sample(9),OSCAR_exp,BL1-H vs BL1-A,All Events,BL1-H,BL1-A,Disabled,Disabled,Disabled,Disabled,Disabled,Disabled,Disabled,Disabled,Disabled,Disabled,Disabled,"402.070000"
N/A,IGP_II_20170327_re,Specimen,Sample(9),OSCAR_exp,BL1-H vs BL1-A,R1,BL1-H,BL1-A,Disabled,Disabled,Disabled,Disabled,Disabled,Disabled,Disabled,Disabled,Disabled,Disabled,Disabled,"167.720000"
N/A,IGP_II_20170327_re,Specimen,Sample(10),OSCAR_exp,BL1-A vs BL3-A,All Events,BL1-A,BL3-A,"126,126",Disabled,Disabled,Disabled,Disabled,Disabled,Disabled,Disabled,Disabled,Disabled,Disabled,"1,261.260000"
N/A,IGP_II_20170327_re,Specimen,Sample(10),OSCAR_exp,BL1-A vs BL3-A,culture population,BL1-A,BL3-A,"35,475",Disabled,Disabled,Disabled,Disabled,Disabled,Disabled,Disabled,Disabled,Disabled,Disabled,"354.750000"
N/A,IGP_II_20170327_re,Specimen,Sample(10),OSCAR_exp,BL1-H vs BL1-A,All Events,BL1-H,BL1-A,Disabled,Disabled,Disabled,Disabled,Disabled,Disabled,Disabled,Disabled,Disabled,Disabled,Disabled,"1,261.260000"
N/A,IGP_II_20170327_re,Specimen,Sample(10),OSCAR_exp,BL1-H vs BL1-A,R1,BL1-H,BL1-A,Disabled,Disabled,Disabled,Disabled,Disabled,Disabled,Disabled,Disabled,Disabled,Disabled,Disabled,"300.210000"
N/A,IGP_II_20170327_re,Specimen,Sample(11),OSCAR_exp,BL1-A vs BL3-A,All Events,BL1-A,BL3-A,"163,563",Disabled,Disabled,Disabled,Disabled,Disabled,Disabled,Disabled,Disabled,Disabled,Disabled,"1,635.630000"
N/A,IGP_II_20170327_re,Specimen,Sample(11),OSCAR_exp,BL1-A vs BL3-A,culture population,BL1-A,BL3-A,"26,595",Disabled,Disabled,Disabled,Disabled,Disabled,Disabled,Disabled,Disabled,Disabled,Disabled,"265.950000"
N/A,IGP_II_20170327_re,Specimen,Sample(11),OSCAR_exp,BL1-H vs BL1-A,All Events,BL1-H,BL1-A,Disabled,Disabled,Disabled,Disabled,Disabled,Disabled,Disabled,Disabled,Disabled,Disabled,Disabled,"1,635.630000"
N/A,IGP_II_20170327_re,Specimen,Sample(11),OSCAR_exp,BL1-H vs BL1-A,R1,BL1-H,BL1-A,Disabled,Disabled,Disabled,Disabled,Disabled,Disabled,Disabled,Disabled,Disabled,Disabled,Disabled,"226.700000"
N/A,IGP_II_20170327_re,Specimen,Sample(12),OSCAR_exp,BL1-A vs BL3-A,All Events,BL1-A,BL3-A,"53,637",Disabled,Disabled,Disabled,Disabled,Disabled,Disabled,Disabled,Disabled,Disabled,Disabled,"536.370000"
N/A,IGP_II_20170327_re,Specimen,Sample(12),OSCAR_exp,BL1-A vs BL3-A,culture population,BL1-A,BL3-A,"22,454",Disabled,Disabled,Disabled,Disabled,Disabled,Disabled,Disabled,Disabled,Disabled,Disabled,"224.540000"
N/A,IGP_II_20170327_re,Specimen,Sample(12),OSCAR_exp,BL1-H vs BL1-A,All Events,BL1-H,BL1-A,Disabled,Disabled,Disabled,Disabled,Disabled,Disabled,Disabled,Disabled,Disabled,Disabled,Disabled,"536.370000"
N/A,IGP_II_20170327_re,Specimen,Sample(12),OSCAR_exp,BL1-H vs BL1-A,R1,BL1-H,BL1-A,Disabled,Disabled,Disabled,Disabled,Disabled,Disabled,Disabled,Disabled,Disabled,Disabled,Disabled,"200.270000"
N/A,IGP_II_20170327_re,Specimen,Sample(13),OSCAR_exp,BL1-A vs BL3-A,All Events,BL1-A,BL3-A,"32,020",Disabled,Disabled,Disabled,Disabled,Disabled,Disabled,Disabled,Disabled,Disabled,Disabled,"320.200000"
N/A,IGP_II_20170327_re,Specimen,Sample(13),OSCAR_exp,BL1-A vs BL3-A,culture population,BL1-A,BL3-A,"17,876",Disabled,Disabled,Disabled,Disabled,Disabled,Disabled,Disabled,Disabled,Disabled,Disabled,"178.760000"
N/A,IGP_II_20170327_re,Specimen,Sample(13),OSCAR_exp,BL1-H vs BL1-A,All Events,BL1-H,BL1-A,Disabled,Disabled,Disabled,Disabled,Disabled,Disabled,Disabled,Disabled,Disabled,Disabled,Disabled,"320.200000"
N/A,IGP_II_20170327_re,Specimen,Sample(13),OSCAR_exp,BL1-H vs BL1-A,R1,BL1-H,BL1-A,Disabled,Disabled,Disabled,Disabled,Disabled,Disabled,Disabled,Disabled,Disabled,Disabled,Disabled,"163.900000"
N/A,IGP_II_20170327_re,Specimen,Sample(14),OSCAR_exp,BL1-A vs BL3-A,All Events,BL1-A,BL3-A,"200,000",Disabled,Disabled,Disabled,Disabled,Disabled,Disabled,Disabled,Disabled,Disabled,Disabled,"5,000.000000"
N/A,IGP_II_20170327_re,Specimen,Sample(14),OSCAR_exp,BL1-A vs BL3-A,culture population,BL1-A,BL3-A,"61,337",Disabled,Disabled,Disabled,Disabled,Disabled,Disabled,Disabled,Disabled,Disabled,Disabled,"1,533.425000"
N/A,IGP_II_20170327_re,Specimen,Sample(14),OSCAR_exp,BL1-H vs BL1-A,All Events,BL1-H,BL1-A,Disabled,Disabled,Disabled,Disabled,Disabled,Disabled,Disabled,Disabled,Disabled,Disabled,Disabled,"5,000.000000"
N/A,IGP_II_20170327_re,Specimen,Sample(14),OSCAR_exp,BL1-H vs BL1-A,R1,BL1-H,BL1-A,Disabled,Disabled,Disabled,Disabled,Disabled,Disabled,Disabled,Disabled,Disabled,Disabled,Disabled,"1,210.025000"
N/A,IGP_II_20170327_re,Specimen,Sample(15),OSCAR_exp,BL1-A vs BL3-A,All Events,BL1-A,BL3-A,"191,313",Disabled,Disabled,Disabled,Disabled,Disabled,Disabled,Disabled,Disabled,Disabled,Disabled,"1,913.130000"
N/A,IGP_II_20170327_re,Specimen,Sample(15),OSCAR_exp,BL1-A vs BL3-A,culture population,BL1-A,BL3-A,"68,461",Disabled,Disabled,Disabled,Disabled,Disabled,Disabled,Disabled,Disabled,Disabled,Disabled,"684.610000"
N/A,IGP_II_20170327_re,Specimen,Sample(15),OSCAR_exp,BL1-H vs BL1-A,All Events,BL1-H,BL1-A,Disabled,Disabled,Disabled,Disabled,Disabled,Disabled,Disabled,Disabled,Disabled,Disabled,Disabled,"1,913.130000"
N/A,IGP_II_20170327_re,Specimen,Sample(15),OSCAR_exp,BL1-H vs BL1-A,R1,BL1-H,BL1-A,Disabled,Disabled,Disabled,Disabled,Disabled,Disabled,Disabled,Disabled,Disabled,Disabled,Disabled,"469.940000"
N/A,IGP_II_20170327_re,Specimen,Sample(16),OSCAR_exp,BL1-A vs BL3-A,All Events,BL1-A,BL3-A,"200,000",Disabled,Disabled,Disabled,Disabled,Disabled,Disabled,Disabled,Disabled,Disabled,Disabled,"5,714.285714"
N/A,IGP_II_20170327_re,Specimen,Sample(16),OSCAR_exp,BL1-A vs BL3-A,culture population,BL1-A,BL3-A,"87,618",Disabled,Disabled,Disabled,Disabled,Disabled,Disabled,Disabled,Disabled,Disabled,Disabled,"2,503.371429"
N/A,IGP_II_20170327_re,Specimen,Sample(16),OSCAR_exp,BL1-H vs BL1-A,All Events,BL1-H,BL1-A,Disabled,Disabled,Disabled,Disabled,Disabled,Disabled,Disabled,Disabled,Disabled,Disabled,Disabled,"5,714.285714"
N/A,IGP_II_20170327_re,Specimen,Sample(16),OSCAR_exp,BL1-H vs BL1-A,R1,BL1-H,BL1-A,Disabled,Disabled,Disabled,Disabled,Disabled,Disabled,Disabled,Disabled,Disabled,Disabled,Disabled,"1,643.771429"
N/A,IGP_II_20170327_re,Specimen,Sample(17),OSCAR_exp,BL1-A vs BL3-A,All Events,BL1-A,BL3-A,"200,000",Disabled,Disabled,Disabled,Disabled,Disabled,Disabled,Disabled,Disabled,Disabled,Disabled,"4,255.319149"
N/A,IGP_II_20170327_re,Specimen,Sample(17),OSCAR_exp,BL1-A vs BL3-A,culture population,BL1-A,BL3-A,"95,770",Disabled,Disabled,Disabled,Disabled,Disabled,Disabled,Disabled,Disabled,Disabled,Disabled,"2,037.659574"
N/A,IGP_II_20170327_re,Specimen,Sample(17),OSCAR_exp,BL1-H vs BL1-A,All Events,BL1-H,BL1-A,Disabled,Disabled,Disabled,Disabled,Disabled,Disabled,Disabled,Disabled,Disabled,Disabled,Disabled,"4,255.319149"
N/A,IGP_II_20170327_re,Specimen,Sample(17),OSCAR_exp,BL1-H vs BL1-A,R1,BL1-H,BL1-A,Disabled,Disabled,Disabled,Disabled,Disabled,Disabled,Disabled,Disabled,Disabled,Disabled,Disabled,"1,406.063830"
N/A,IGP_II_20170327_re,Specimen,Sample(18),OSCAR_exp,BL1-A vs BL3-A,All Events,BL1-A,BL3-A,"200,000",Disabled,Disabled,Disabled,Disabled,Disabled,Disabled,Disabled,Disabled,Disabled,Disabled,"2,127.659574"
N/A,IGP_II_20170327_re,Specimen,Sample(18),OSCAR_exp,BL1-A vs BL3-A,culture population,BL1-A,BL3-A,"91,749",Disabled,Disabled,Disabled,Disabled,Disabled,Disabled,Disabled,Disabled,Disabled,Disabled,"976.053191"
N/A,IGP_II_20170327_re,Specimen,Sample(18),OSCAR_exp,BL1-H vs BL1-A,All Events,BL1-H,BL1-A,Disabled,Disabled,Disabled,Disabled,Disabled,Disabled,Disabled,Disabled,Disabled,Disabled,Disabled,"2,127.659574"
N/A,IGP_II_20170327_re,Specimen,Sample(18),OSCAR_exp,BL1-H vs BL1-A,R1,BL1-H,BL1-A,Disabled,Disabled,Disabled,Disabled,Disabled,Disabled,Disabled,Disabled,Disabled,Disabled,Disabled,"722.978723"
N/A,IGP_II_20170327_re,Specimen,Sample(19),OSCAR_exp,BL1-A vs BL3-A,All Events,BL1-A,BL3-A,"46,551",Disabled,Disabled,Disabled,Disabled,Disabled,Disabled,Disabled,Disabled,Disabled,Disabled,"465.510000"
N/A,IGP_II_20170327_re,Specimen,Sample(19),OSCAR_exp,BL1-A vs BL3-A,culture population,BL1-A,BL3-A,"23,112",Disabled,Disabled,Disabled,Disabled,Disabled,Disabled,Disabled,Disabled,Disabled,Disabled,"231.120000"
N/A,IGP_II_20170327_re,Specimen,Sample(19),OSCAR_exp,BL1-H vs BL1-A,All Events,BL1-H,BL1-A,Disabled,Disabled,Disabled,Disabled,Disabled,Disabled,Disabled,Disabled,Disabled,Disabled,Disabled,"465.510000"
N/A,IGP_II_20170327_re,Specimen,Sample(19),OSCAR_exp,BL1-H vs BL1-A,R1,BL1-H,BL1-A,Disabled,Disabled,Disabled,Disabled,Disabled,Disabled,Disabled,Disabled,Disabled,Disabled,Disabled,"208.300000"
N/A,IGP_II_20170327_re,Specimen,Sample(20),OSCAR_exp,BL1-A vs BL3-A,All Events,BL1-A,BL3-A,"58,245",Disabled,Disabled,Disabled,Disabled,Disabled,Disabled,Disabled,Disabled,Disabled,Disabled,"582.450000"
N/A,IGP_II_20170327_re,Specimen,Sample(20),OSCAR_exp,BL1-A vs BL3-A,culture population,BL1-A,BL3-A,"35,359",Disabled,Disabled,Disabled,Disabled,Disabled,Disabled,Disabled,Disabled,Disabled,Disabled,"353.590000"
N/A,IGP_II_20170327_re,Specimen,Sample(20),OSCAR_exp,BL1-H vs BL1-A,All Events,BL1-H,BL1-A,Disabled,Disabled,Disabled,Disabled,Disabled,Disabled,Disabled,Disabled,Disabled,Disabled,Disabled,"582.450000"
N/A,IGP_II_20170327_re,Specimen,Sample(20),OSCAR_exp,BL1-H vs BL1-A,R1,BL1-H,BL1-A,Disabled,Disabled,Disabled,Disabled,Disabled,Disabled,Disabled,Disabled,Disabled,Disabled,Disabled,"305.820000"
N/A,IGP_II_20170327_re,Specimen,Sample(21),OSCAR_exp,BL1-A vs BL3-A,All Events,BL1-A,BL3-A,"40,934",Disabled,Disabled,Disabled,Disabled,Disabled,Disabled,Disabled,Disabled,Disabled,Disabled,"409.340000"
N/A,IGP_II_20170327_re,Specimen,Sample(21),OSCAR_exp,BL1-A vs BL3-A,culture population,BL1-A,BL3-A,"24,646",Disabled,Disabled,Disabled,Disabled,Disabled,Disabled,Disabled,Disabled,Disabled,Disabled,"246.460000"
N/A,IGP_II_20170327_re,Specimen,Sample(21),OSCAR_exp,BL1-H vs BL1-A,All Events,BL1-H,BL1-A,Disabled,Disabled,Disabled,Disabled,Disabled,Disabled,Disabled,Disabled,Disabled,Disabled,Disabled,"409.340000"
N/A,IGP_II_20170327_re,Specimen,Sample(21),OSCAR_exp,BL1-H vs BL1-A,R1,BL1-H,BL1-A,Disabled,Disabled,Disabled,Disabled,Disabled,Disabled,Disabled,Disabled,Disabled,Disabled,Disabled,"222.980000"
N/A,IGP_II_20170327_re,Specimen,Sample(22),OSCAR_exp,BL1-A vs BL3-A,All Events,BL1-A,BL3-A,"39,439",Disabled,Disabled,Disabled,Disabled,Disabled,Disabled,Disabled,Disabled,Disabled,Disabled,"394.390000"
N/A,IGP_II_20170327_re,Specimen,Sample(22),OSCAR_exp,BL1-A vs BL3-A,culture population,BL1-A,BL3-A,"24,701",Disabled,Disabled,Disabled,Disabled,Disabled,Disabled,Disabled,Disabled,Disabled,Disabled,"247.010000"
N/A,IGP_II_20170327_re,Specimen,Sample(22),OSCAR_exp,BL1-H vs BL1-A,All Events,BL1-H,BL1-A,Disabled,Disabled,Disabled,Disabled,Disabled,Disabled,Disabled,Disabled,Disabled,Disabled,Disabled,"394.390000"
N/A,IGP_II_20170327_re,Specimen,Sample(22),OSCAR_exp,BL1-H vs BL1-A,R1,BL1-H,BL1-A,Disabled,Disabled,Disabled,Disabled,Disabled,Disabled,Disabled,Disabled,Disabled,Disabled,Disabled,"221.390000"
N/A,IGP_II_20170327_re,Specimen,Sample(23),OSCAR_exp,BL1-A vs BL3-A,All Events,BL1-A,BL3-A,"27,673",Disabled,Disabled,Disabled,Disabled,Disabled,Disabled,Disabled,Disabled,Disabled,Disabled,"276.730000"
N/A,IGP_II_20170327_re,Specimen,Sample(23),OSCAR_exp,BL1-A vs BL3-A,culture population,BL1-A,BL3-A,"16,570",Disabled,Disabled,Disabled,Disabled,Disabled,Disabled,Disabled,Disabled,Disabled,Disabled,"165.700000"
N/A,IGP_II_20170327_re,Specimen,Sample(23),OSCAR_exp,BL1-H vs BL1-A,All Events,BL1-H,BL1-A,Disabled,Disabled,Disabled,Disabled,Disabled,Disabled,Disabled,Disabled,Disabled,Disabled,Disabled,"276.730000"
N/A,IGP_II_20170327_re,Specimen,Sample(23),OSCAR_exp,BL1-H vs BL1-A,R1,BL1-H,BL1-A,Disabled,Disabled,Disabled,Disabled,Disabled,Disabled,Disabled,Disabled,Disabled,Disabled,Disabled,"150.310000"
N/A,IGP_II_20170327_re,Specimen,Sample(24),OSCAR_exp,BL1-A vs BL3-A,All Events,BL1-A,BL3-A,"43,207",Disabled,Disabled,Disabled,Disabled,Disabled,Disabled,Disabled,Disabled,Disabled,Disabled,"432.070000"
N/A,IGP_II_20170327_re,Specimen,Sample(24),OSCAR_exp,BL1-A vs BL3-A,culture population,BL1-A,BL3-A,"27,530",Disabled,Disabled,Disabled,Disabled,Disabled,Disabled,Disabled,Disabled,Disabled,Disabled,"275.300000"
N/A,IGP_II_20170327_re,Specimen,Sample(24),OSCAR_exp,BL1-H vs BL1-A,All Events,BL1-H,BL1-A,Disabled,Disabled,Disabled,Disabled,Disabled,Disabled,Disabled,Disabled,Disabled,Disabled,Disabled,"432.070000"
N/A,IGP_II_20170327_re,Specimen,Sample(24),OSCAR_exp,BL1-H vs BL1-A,R1,BL1-H,BL1-A,Disabled,Disabled,Disabled,Disabled,Disabled,Disabled,Disabled,Disabled,Disabled,Disabled,Disabled,"243.420000"
N/A,IGP_II_20170327_re,Specimen,Sample(25),OSCAR_exp,BL1-A vs BL3-A,All Events,BL1-A,BL3-A,"31,232",Disabled,Disabled,Disabled,Disabled,Disabled,Disabled,Disabled,Disabled,Disabled,Disabled,"312.320000"
N/A,IGP_II_20170327_re,Specimen,Sample(25),OSCAR_exp,BL1-A vs BL3-A,culture population,BL1-A,BL3-A,"20,895",Disabled,Disabled,Disabled,Disabled,Disabled,Disabled,Disabled,Disabled,Disabled,Disabled,"208.950000"
N/A,IGP_II_20170327_re,Specimen,Sample(25),OSCAR_exp,BL1-H vs BL1-A,All Events,BL1-H,BL1-A,Disabled,Disabled,Disabled,Disabled,Disabled,Disabled,Disabled,Disabled,Disabled,Disabled,Disabled,"312.320000"
N/A,IGP_II_20170327_re,Specimen,Sample(25),OSCAR_exp,BL1-H vs BL1-A,R1,BL1-H,BL1-A,Disabled,Disabled,Disabled,Disabled,Disabled,Disabled,Disabled,Disabled,Disabled,Disabled,Disabled,"190.700000"
N/A,IGP_II_20170327_re,Specimen,Sample(26),OSCAR_exp,BL1-A vs BL3-A,All Events,BL1-A,BL3-A,"112,358",Disabled,Disabled,Disabled,Disabled,Disabled,Disabled,Disabled,Disabled,Disabled,Disabled,"1,123.580000"
N/A,IGP_II_20170327_re,Specimen,Sample(26),OSCAR_exp,BL1-A vs BL3-A,culture population,BL1-A,BL3-A,"35,406",Disabled,Disabled,Disabled,Disabled,Disabled,Disabled,Disabled,Disabled,Disabled,Disabled,"354.060000"
N/A,IGP_II_20170327_re,Specimen,Sample(26),OSCAR_exp,BL1-H vs BL1-A,All Events,BL1-H,BL1-A,Disabled,Disabled,Disabled,Disabled,Disabled,Disabled,Disabled,Disabled,Disabled,Disabled,Disabled,"1,123.580000"
N/A,IGP_II_20170327_re,Specimen,Sample(26),OSCAR_exp,BL1-H vs BL1-A,R1,BL1-H,BL1-A,Disabled,Disabled,Disabled,Disabled,Disabled,Disabled,Disabled,Disabled,Disabled,Disabled,Disabled,"312.770000"
N/A,IGP_II_20170327_re,Specimen,Sample(27),OSCAR_exp,BL1-A vs BL3-A,All Events,BL1-A,BL3-A,"55,116",Disabled,Disabled,Disabled,Disabled,Disabled,Disabled,Disabled,Disabled,Disabled,Disabled,"551.160000"
N/A,IGP_II_20170327_re,Specimen,Sample(27),OSCAR_exp,BL1-A vs BL3-A,culture population,BL1-A,BL3-A,"27,431",Disabled,Disabled,Disabled,Disabled,Disabled,Disabled,Disabled,Disabled,Disabled,Disabled,"274.310000"
N/A,IGP_II_20170327_re,Specimen,Sample(27),OSCAR_exp,BL1-H vs BL1-A,All Events,BL1-H,BL1-A,Disabled,Disabled,Disabled,Disabled,Disabled,Disabled,Disabled,Disabled,Disabled,Disabled,Disabled,"551.160000"
N/A,IGP_II_20170327_re,Specimen,Sample(27),OSCAR_exp,BL1-H vs BL1-A,R1,BL1-H,BL1-A,Disabled,Disabled,Disabled,Disabled,Disabled,Disabled,Disabled,Disabled,Disabled,Disabled,Disabled,"245.940000"
N/A,IGP_II_20170327_re,Specimen,Sample(28),OSCAR_exp,BL1-A vs BL3-A,All Events,BL1-A,BL3-A,"73,118",Disabled,Disabled,Disabled,Disabled,Disabled,Disabled,Disabled,Disabled,Disabled,Disabled,"731.180000"
N/A,IGP_II_20170327_re,Specimen,Sample(28),OSCAR_exp,BL1-A vs BL3-A,culture population,BL1-A,BL3-A,"36,070",Disabled,Disabled,Disabled,Disabled,Disabled,Disabled,Disabled,Disabled,Disabled,Disabled,"360.700000"
N/A,IGP_II_20170327_re,Specimen,Sample(28),OSCAR_exp,BL1-H vs BL1-A,All Events,BL1-H,BL1-A,Disabled,Disabled,Disabled,Disabled,Disabled,Disabled,Disabled,Disabled,Disabled,Disabled,Disabled,"731.180000"
N/A,IGP_II_20170327_re,Specimen,Sample(28),OSCAR_exp,BL1-H vs BL1-A,R1,BL1-H,BL1-A,Disabled,Disabled,Disabled,Disabled,Disabled,Disabled,Disabled,Disabled,Disabled,Disabled,Disabled,"316.360000"
N/A,IGP_II_20170327_re,Specimen,Sample(29),OSCAR_exp,BL1-A vs BL3-A,All Events,BL1-A,BL3-A,"75,361",Disabled,Disabled,Disabled,Disabled,Disabled,Disabled,Disabled,Disabled,Disabled,Disabled,"753.610000"
N/A,IGP_II_20170327_re,Specimen,Sample(29),OSCAR_exp,BL1-A vs BL3-A,culture population,BL1-A,BL3-A,"39,801",Disabled,Disabled,Disabled,Disabled,Disabled,Disabled,Disabled,Disabled,Disabled,Disabled,"398.010000"
N/A,IGP_II_20170327_re,Specimen,Sample(29),OSCAR_exp,BL1-H vs BL1-A,All Events,BL1-H,BL1-A,Disabled,Disabled,Disabled,Disabled,Disabled,Disabled,Disabled,Disabled,Disabled,Disabled,Disabled,"753.610000"
N/A,IGP_II_20170327_re,Specimen,Sample(29),OSCAR_exp,BL1-H vs BL1-A,R1,BL1-H,BL1-A,Disabled,Disabled,Disabled,Disabled,Disabled,Disabled,Disabled,Disabled,Disabled,Disabled,Disabled,"355.900000"
N/A,IGP_II_20170327_re,Specimen,Sample(30),OSCAR_exp,BL1-A vs BL3-A,All Events,BL1-A,BL3-A,"58,844",Disabled,Disabled,Disabled,Disabled,Disabled,Disabled,Disabled,Disabled,Disabled,Disabled,"588.440000"
N/A,IGP_II_20170327_re,Specimen,Sample(30),OSCAR_exp,BL1-A vs BL3-A,culture population,BL1-A,BL3-A,"26,063",Disabled,Disabled,Disabled,Disabled,Disabled,Disabled,Disabled,Disabled,Disabled,Disabled,"260.630000"
N/A,IGP_II_20170327_re,Specimen,Sample(30),OSCAR_exp,BL1-H vs BL1-A,All Events,BL1-H,BL1-A,Disabled,Disabled,Disabled,Disabled,Disabled,Disabled,Disabled,Disabled,Disabled,Disabled,Disabled,"588.440000"
N/A,IGP_II_20170327_re,Specimen,Sample(30),OSCAR_exp,BL1-H vs BL1-A,R1,BL1-H,BL1-A,Disabled,Disabled,Disabled,Disabled,Disabled,Disabled,Disabled,Disabled,Disabled,Disabled,Disabled,"233.660000"
N/A,IGP_II_20170327_re,Specimen,Sample(31),OSCAR_exp,BL1-A vs BL3-A,All Events,BL1-A,BL3-A,"106,547",Disabled,Disabled,Disabled,Disabled,Disabled,Disabled,Disabled,Disabled,Disabled,Disabled,"1,065.470000"
N/A,IGP_II_20170327_re,Specimen,Sample(31),OSCAR_exp,BL1-A vs BL3-A,culture population,BL1-A,BL3-A,"44,054",Disabled,Disabled,Disabled,Disabled,Disabled,Disabled,Disabled,Disabled,Disabled,Disabled,"440.540000"
N/A,IGP_II_20170327_re,Specimen,Sample(31),OSCAR_exp,BL1-H vs BL1-A,All Events,BL1-H,BL1-A,Disabled,Disabled,Disabled,Disabled,Disabled,Disabled,Disabled,Disabled,Disabled,Disabled,Disabled,"1,065.470000"
N/A,IGP_II_20170327_re,Specimen,Sample(31),OSCAR_exp,BL1-H vs BL1-A,R1,BL1-H,BL1-A,Disabled,Disabled,Disabled,Disabled,Disabled,Disabled,Disabled,Disabled,Disabled,Disabled,Disabled,"379.280000"
N/A,IGP_II_20170327_re,Specimen,Sample(32),OSCAR_exp,BL1-A vs BL3-A,All Events,BL1-A,BL3-A,"200,000",Disabled,Disabled,Disabled,Disabled,Disabled,Disabled,Disabled,Disabled,Disabled,Disabled,"2,531.645570"
N/A,IGP_II_20170327_re,Specimen,Sample(32),OSCAR_exp,BL1-A vs BL3-A,culture population,BL1-A,BL3-A,"46,712",Disabled,Disabled,Disabled,Disabled,Disabled,Disabled,Disabled,Disabled,Disabled,Disabled,"591.291139"
N/A,IGP_II_20170327_re,Specimen,Sample(32),OSCAR_exp,BL1-H vs BL1-A,All Events,BL1-H,BL1-A,Disabled,Disabled,Disabled,Disabled,Disabled,Disabled,Disabled,Disabled,Disabled,Disabled,Disabled,"2,531.645570"
N/A,IGP_II_20170327_re,Specimen,Sample(32),OSCAR_exp,BL1-H vs BL1-A,R1,BL1-H,BL1-A,Disabled,Disabled,Disabled,Disabled,Disabled,Disabled,Disabled,Disabled,Disabled,Disabled,Disabled,"503.468354"
N/A,IGP_II_20170327_re,Specimen,Sample(33),OSCAR_exp,BL1-A vs BL3-A,All Events,BL1-A,BL3-A,"200,000",Disabled,Disabled,Disabled,Disabled,Disabled,Disabled,Disabled,Disabled,Disabled,Disabled,"2,816.901408"
N/A,IGP_II_20170327_re,Specimen,Sample(33),OSCAR_exp,BL1-A vs BL3-A,culture population,BL1-A,BL3-A,"51,366",Disabled,Disabled,Disabled,Disabled,Disabled,Disabled,Disabled,Disabled,Disabled,Disabled,"723.464789"
N/A,IGP_II_20170327_re,Specimen,Sample(33),OSCAR_exp,BL1-H vs BL1-A,All Events,BL1-H,BL1-A,Disabled,Disabled,Disabled,Disabled,Disabled,Disabled,Disabled,Disabled,Disabled,Disabled,Disabled,"2,816.901408"
N/A,IGP_II_20170327_re,Specimen,Sample(33),OSCAR_exp,BL1-H vs BL1-A,R1,BL1-H,BL1-A,Disabled,Disabled,Disabled,Disabled,Disabled,Disabled,Disabled,Disabled,Disabled,Disabled,Disabled,"610.676056"
N/A,IGP_II_20170327_re,Specimen,Sample(34),OSCAR_exp,BL1-A vs BL3-A,All Events,BL1-A,BL3-A,"36,208",Disabled,Disabled,Disabled,Disabled,Disabled,Disabled,Disabled,Disabled,Disabled,Disabled,"362.080000"
N/A,IGP_II_20170327_re,Specimen,Sample(34),OSCAR_exp,BL1-A vs BL3-A,culture population,BL1-A,BL3-A,"24,566",Disabled,Disabled,Disabled,Disabled,Disabled,Disabled,Disabled,Disabled,Disabled,Disabled,"245.660000"
N/A,IGP_II_20170327_re,Specimen,Sample(34),OSCAR_exp,BL1-H vs BL1-A,All Events,BL1-H,BL1-A,Disabled,Disabled,Disabled,Disabled,Disabled,Disabled,Disabled,Disabled,Disabled,Disabled,Disabled,"362.080000"
N/A,IGP_II_20170327_re,Specimen,Sample(34),OSCAR_exp,BL1-H vs BL1-A,R1,BL1-H,BL1-A,Disabled,Disabled,Disabled,Disabled,Disabled,Disabled,Disabled,Disabled,Disabled,Disabled,Disabled,"231.800000"
N/A,IGP_II_20170327_re,Specimen,Sample(35),OSCAR_exp,BL1-A vs BL3-A,All Events,BL1-A,BL3-A,"62,914",Disabled,Disabled,Disabled,Disabled,Disabled,Disabled,Disabled,Disabled,Disabled,Disabled,"629.140000"
N/A,IGP_II_20170327_re,Specimen,Sample(35),OSCAR_exp,BL1-A vs BL3-A,culture population,BL1-A,BL3-A,"30,473",Disabled,Disabled,Disabled,Disabled,Disabled,Disabled,Disabled,Disabled,Disabled,Disabled,"304.730000"
N/A,IGP_II_20170327_re,Specimen,Sample(35),OSCAR_exp,BL1-H vs BL1-A,All Events,BL1-H,BL1-A,Disabled,Disabled,Disabled,Disabled,Disabled,Disabled,Disabled,Disabled,Disabled,Disabled,Disabled,"629.140000"
N/A,IGP_II_20170327_re,Specimen,Sample(35),OSCAR_exp,BL1-H vs BL1-A,R1,BL1-H,BL1-A,Disabled,Disabled,Disabled,Disabled,Disabled,Disabled,Disabled,Disabled,Disabled,Disabled,Disabled,"277.970000"
N/A,IGP_II_20170327_re,Specimen,Sample(36),OSCAR_exp,BL1-A vs BL3-A,All Events,BL1-A,BL3-A,"60,282",Disabled,Disabled,Disabled,Disabled,Disabled,Disabled,Disabled,Disabled,Disabled,Disabled,"602.820000"
N/A,IGP_II_20170327_re,Specimen,Sample(36),OSCAR_exp,BL1-A vs BL3-A,culture population,BL1-A,BL3-A,"33,674",Disabled,Disabled,Disabled,Disabled,Disabled,Disabled,Disabled,Disabled,Disabled,Disabled,"336.740000"
N/A,IGP_II_20170327_re,Specimen,Sample(36),OSCAR_exp,BL1-H vs BL1-A,All Events,BL1-H,BL1-A,Disabled,Disabled,Disabled,Disabled,Disabled,Disabled,Disabled,Disabled,Disabled,Disabled,Disabled,"602.820000"
N/A,IGP_II_20170327_re,Specimen,Sample(36),OSCAR_exp,BL1-H vs BL1-A,R1,BL1-H,BL1-A,Disabled,Disabled,Disabled,Disabled,Disabled,Disabled,Disabled,Disabled,Disabled,Disabled,Disabled,"305.150000"
N/A,IGP_II_20170327_re,Specimen,Sample(37),OSCAR_exp,BL1-A vs BL3-A,All Events,BL1-A,BL3-A,"100,000",Disabled,Disabled,Disabled,Disabled,Disabled,Disabled,Disabled,Disabled,Disabled,Disabled,"2,040.816327"
N/A,IGP_II_20170327_re,Specimen,Sample(37),OSCAR_exp,BL1-A vs BL3-A,culture population,BL1-A,BL3-A,"16,768",Disabled,Disabled,Disabled,Disabled,Disabled,Disabled,Disabled,Disabled,Disabled,Disabled,"342.204082"
N/A,IGP_II_20170327_re,Specimen,Sample(37),OSCAR_exp,BL1-H vs BL1-A,All Events,BL1-H,BL1-A,Disabled,Disabled,Disabled,Disabled,Disabled,Disabled,Disabled,Disabled,Disabled,Disabled,Disabled,"2,040.816327"
N/A,IGP_II_20170327_re,Specimen,Sample(37),OSCAR_exp,BL1-H vs BL1-A,R1,BL1-H,BL1-A,Disabled,Disabled,Disabled,Disabled,Disabled,Disabled,Disabled,Disabled,Disabled,Disabled,Disabled,"282.183673"
N/A,IGP_II_20170327_re,Specimen,Sample(38),OSCAR_exp,BL1-A vs BL3-A,All Events,BL1-A,BL3-A,"57,733",Disabled,Disabled,Disabled,Disabled,Disabled,Disabled,Disabled,Disabled,Disabled,Disabled,"577.330000"
N/A,IGP_II_20170327_re,Specimen,Sample(38),OSCAR_exp,BL1-A vs BL3-A,culture population,BL1-A,BL3-A,"25,465",Disabled,Disabled,Disabled,Disabled,Disabled,Disabled,Disabled,Disabled,Disabled,Disabled,"254.650000"
N/A,IGP_II_20170327_re,Specimen,Sample(38),OSCAR_exp,BL1-H vs BL1-A,All Events,BL1-H,BL1-A,Disabled,Disabled,Disabled,Disabled,Disabled,Disabled,Disabled,Disabled,Disabled,Disabled,Disabled,"577.330000"
N/A,IGP_II_20170327_re,Specimen,Sample(38),OSCAR_exp,BL1-H vs BL1-A,R1,BL1-H,BL1-A,Disabled,Disabled,Disabled,Disabled,Disabled,Disabled,Disabled,Disabled,Disabled,Disabled,Disabled,"226.300000"
N/A,IGP_II_20170327_re,Specimen,Sample(39),OSCAR_exp,BL1-A vs BL3-A,All Events,BL1-A,BL3-A,"74,741",Disabled,Disabled,Disabled,Disabled,Disabled,Disabled,Disabled,Disabled,Disabled,Disabled,"747.410000"
N/A,IGP_II_20170327_re,Specimen,Sample(39),OSCAR_exp,BL1-A vs BL3-A,culture population,BL1-A,BL3-A,"19,659",Disabled,Disabled,Disabled,Disabled,Disabled,Disabled,Disabled,Disabled,Disabled,Disabled,"196.590000"
N/A,IGP_II_20170327_re,Specimen,Sample(39),OSCAR_exp,BL1-H vs BL1-A,All Events,BL1-H,BL1-A,Disabled,Disabled,Disabled,Disabled,Disabled,Disabled,Disabled,Disabled,Disabled,Disabled,Disabled,"747.410000"
N/A,IGP_II_20170327_re,Specimen,Sample(39),OSCAR_exp,BL1-H vs BL1-A,R1,BL1-H,BL1-A,Disabled,Disabled,Disabled,Disabled,Disabled,Disabled,Disabled,Disabled,Disabled,Disabled,Disabled,"168.870000"
N/A,IGP_II_20170327_re,Specimen,Sample(40),OSCAR_exp,BL1-A vs BL3-A,All Events,BL1-A,BL3-A,"38,942",Disabled,Disabled,Disabled,Disabled,Disabled,Disabled,Disabled,Disabled,Disabled,Disabled,"389.420000"
N/A,IGP_II_20170327_re,Specimen,Sample(40),OSCAR_exp,BL1-A vs BL3-A,culture population,BL1-A,BL3-A,"11,307",Disabled,Disabled,Disabled,Disabled,Disabled,Disabled,Disabled,Disabled,Disabled,Disabled,"113.070000"
N/A,IGP_II_20170327_re,Specimen,Sample(40),OSCAR_exp,BL1-H vs BL1-A,All Events,BL1-H,BL1-A,Disabled,Disabled,Disabled,Disabled,Disabled,Disabled,Disabled,Disabled,Disabled,Disabled,Disabled,"389.420000"
N/A,IGP_II_20170327_re,Specimen,Sample(40),OSCAR_exp,BL1-H vs BL1-A,R1,BL1-H,BL1-A,Disabled,Disabled,Disabled,Disabled,Disabled,Disabled,Disabled,Disabled,Disabled,Disabled,Disabled,"99.280000"
N/A,IGP_II_20170327_re,Specimen,Sample(41),OSCAR_exp,BL1-A vs BL3-A,All Events,BL1-A,BL3-A,"40,166",Disabled,Disabled,Disabled,Disabled,Disabled,Disabled,Disabled,Disabled,Disabled,Disabled,"401.660000"
N/A,IGP_II_20170327_re,Specimen,Sample(41),OSCAR_exp,BL1-A vs BL3-A,culture population,BL1-A,BL3-A,"12,254",Disabled,Disabled,Disabled,Disabled,Disabled,Disabled,Disabled,Disabled,Disabled,Disabled,"122.540000"
N/A,IGP_II_20170327_re,Specimen,Sample(41),OSCAR_exp,BL1-H vs BL1-A,All Events,BL1-H,BL1-A,Disabled,Disabled,Disabled,Disabled,Disabled,Disabled,Disabled,Disabled,Disabled,Disabled,Disabled,"401.660000"
N/A,IGP_II_20170327_re,Specimen,Sample(41),OSCAR_exp,BL1-H vs BL1-A,R1,BL1-H,BL1-A,Disabled,Disabled,Disabled,Disabled,Disabled,Disabled,Disabled,Disabled,Disabled,Disabled,Disabled,"110.260000"
N/A,IGP_II_20170327_re,Specimen,Sample(42),OSCAR_exp,BL1-A vs BL3-A,All Events,BL1-A,BL3-A,"34,795",Disabled,Disabled,Disabled,Disabled,Disabled,Disabled,Disabled,Disabled,Disabled,Disabled,"347.950000"
N/A,IGP_II_20170327_re,Specimen,Sample(42),OSCAR_exp,BL1-A vs BL3-A,culture population,BL1-A,BL3-A,"11,218",Disabled,Disabled,Disabled,Disabled,Disabled,Disabled,Disabled,Disabled,Disabled,Disabled,"112.180000"
N/A,IGP_II_20170327_re,Specimen,Sample(42),OSCAR_exp,BL1-H vs BL1-A,All Events,BL1-H,BL1-A,Disabled,Disabled,Disabled,Disabled,Disabled,Disabled,Disabled,Disabled,Disabled,Disabled,Disabled,"347.950000"
N/A,IGP_II_20170327_re,Specimen,Sample(42),OSCAR_exp,BL1-H vs BL1-A,R1,BL1-H,BL1-A,Disabled,Disabled,Disabled,Disabled,Disabled,Disabled,Disabled,Disabled,Disabled,Disabled,Disabled,"101.600000"
N/A,IGP_II_20170327_re,Specimen,Sample(43),OSCAR_exp,BL1-A vs BL3-A,All Events,BL1-A,BL3-A,"142,018",Disabled,Disabled,Disabled,Disabled,Disabled,Disabled,Disabled,Disabled,Disabled,Disabled,"1,420.180000"
N/A,IGP_II_20170327_re,Specimen,Sample(43),OSCAR_exp,BL1-A vs BL3-A,culture population,BL1-A,BL3-A,"30,103",Disabled,Disabled,Disabled,Disabled,Disabled,Disabled,Disabled,Disabled,Disabled,Disabled,"301.030000"
N/A,IGP_II_20170327_re,Specimen,Sample(43),OSCAR_exp,BL1-H vs BL1-A,All Events,BL1-H,BL1-A,Disabled,Disabled,Disabled,Disabled,Disabled,Disabled,Disabled,Disabled,Disabled,Disabled,Disabled,"1,420.180000"
N/A,IGP_II_20170327_re,Specimen,Sample(43),OSCAR_exp,BL1-H vs BL1-A,R1,BL1-H,BL1-A,Disabled,Disabled,Disabled,Disabled,Disabled,Disabled,Disabled,Disabled,Disabled,Disabled,Disabled,"256.330000"
N/A,IGP_II_20170327_re,Specimen,Sample(44),OSCAR_exp,BL1-A vs BL3-A,All Events,BL1-A,BL3-A,"49,653",Disabled,Disabled,Disabled,Disabled,Disabled,Disabled,Disabled,Disabled,Disabled,Disabled,"496.530000"
N/A,IGP_II_20170327_re,Specimen,Sample(44),OSCAR_exp,BL1-A vs BL3-A,culture population,BL1-A,BL3-A,"23,789",Disabled,Disabled,Disabled,Disabled,Disabled,Disabled,Disabled,Disabled,Disabled,Disabled,"237.890000"
N/A,IGP_II_20170327_re,Specimen,Sample(44),OSCAR_exp,BL1-H vs BL1-A,All Events,BL1-H,BL1-A,Disabled,Disabled,Disabled,Disabled,Disabled,Disabled,Disabled,Disabled,Disabled,Disabled,Disabled,"496.530000"
N/A,IGP_II_20170327_re,Specimen,Sample(44),OSCAR_exp,BL1-H vs BL1-A,R1,BL1-H,BL1-A,Disabled,Disabled,Disabled,Disabled,Disabled,Disabled,Disabled,Disabled,Disabled,Disabled,Disabled,"217.290000"
N/A,IGP_II_20170327_re,Specimen,Sample(45),OSCAR_exp,BL1-A vs BL3-A,All Events,BL1-A,BL3-A,"27,683",Disabled,Disabled,Disabled,Disabled,Disabled,Disabled,Disabled,Disabled,Disabled,Disabled,"276.830000"
N/A,IGP_II_20170327_re,Specimen,Sample(45),OSCAR_exp,BL1-A vs BL3-A,culture population,BL1-A,BL3-A,"13,922",Disabled,Disabled,Disabled,Disabled,Disabled,Disabled,Disabled,Disabled,Disabled,Disabled,"139.220000"
N/A,IGP_II_20170327_re,Specimen,Sample(45),OSCAR_exp,BL1-H vs BL1-A,All Events,BL1-H,BL1-A,Disabled,Disabled,Disabled,Disabled,Disabled,Disabled,Disabled,Disabled,Disabled,Disabled,Disabled,"276.830000"
N/A,IGP_II_20170327_re,Specimen,Sample(45),OSCAR_exp,BL1-H vs BL1-A,R1,BL1-H,BL1-A,Disabled,Disabled,Disabled,Disabled,Disabled,Disabled,Disabled,Disabled,Disabled,Disabled,Disabled,"127.240000"
N/A,IGP_II_20170327_re,Specimen,Sample(46),OSCAR_exp,BL1-A vs BL3-A,All Events,BL1-A,BL3-A,"72,181",Disabled,Disabled,Disabled,Disabled,Disabled,Disabled,Disabled,Disabled,Disabled,Disabled,"721.810000"
N/A,IGP_II_20170327_re,Specimen,Sample(46),OSCAR_exp,BL1-A vs BL3-A,culture population,BL1-A,BL3-A,"11,543",Disabled,Disabled,Disabled,Disabled,Disabled,Disabled,Disabled,Disabled,Disabled,Disabled,"115.430000"
N/A,IGP_II_20170327_re,Specimen,Sample(46),OSCAR_exp,BL1-H vs BL1-A,All Events,BL1-H,BL1-A,Disabled,Disabled,Disabled,Disabled,Disabled,Disabled,Disabled,Disabled,Disabled,Disabled,Disabled,"721.810000"
N/A,IGP_II_20170327_re,Specimen,Sample(46),OSCAR_exp,BL1-H vs BL1-A,R1,BL1-H,BL1-A,Disabled,Disabled,Disabled,Disabled,Disabled,Disabled,Disabled,Disabled,Disabled,Disabled,Disabled,"99.270000"
N/A,IGP_II_20170327_re,Specimen,Sample(47),OSCAR_exp,BL1-A vs BL3-A,All Events,BL1-A,BL3-A,"68,853",Disabled,Disabled,Disabled,Disabled,Disabled,Disabled,Disabled,Disabled,Disabled,Disabled,"688.530000"
N/A,IGP_II_20170327_re,Specimen,Sample(47),OSCAR_exp,BL1-A vs BL3-A,culture population,BL1-A,BL3-A,"21,243",Disabled,Disabled,Disabled,Disabled,Disabled,Disabled,Disabled,Disabled,Disabled,Disabled,"212.430000"
N/A,IGP_II_20170327_re,Specimen,Sample(47),OSCAR_exp,BL1-H vs BL1-A,All Events,BL1-H,BL1-A,Disabled,Disabled,Disabled,Disabled,Disabled,Disabled,Disabled,Disabled,Disabled,Disabled,Disabled,"688.530000"
N/A,IGP_II_20170327_re,Specimen,Sample(47),OSCAR_exp,BL1-H vs BL1-A,R1,BL1-H,BL1-A,Disabled,Disabled,Disabled,Disabled,Disabled,Disabled,Disabled,Disabled,Disabled,Disabled,Disabled,"187.460000"
N/A,IGP_II_20170327_re,Specimen,Sample(48),OSCAR_exp,BL1-A vs BL3-A,All Events,BL1-A,BL3-A,"47,662",Disabled,Disabled,Disabled,Disabled,Disabled,Disabled,Disabled,Disabled,Disabled,Disabled,"476.620000"
N/A,IGP_II_20170327_re,Specimen,Sample(48),OSCAR_exp,BL1-A vs BL3-A,culture population,BL1-A,BL3-A,"14,647",Disabled,Disabled,Disabled,Disabled,Disabled,Disabled,Disabled,Disabled,Disabled,Disabled,"146.470000"
N/A,IGP_II_20170327_re,Specimen,Sample(48),OSCAR_exp,BL1-H vs BL1-A,All Events,BL1-H,BL1-A,Disabled,Disabled,Disabled,Disabled,Disabled,Disabled,Disabled,Disabled,Disabled,Disabled,Disabled,"476.620000"
N/A,IGP_II_20170327_re,Specimen,Sample(48),OSCAR_exp,BL1-H vs BL1-A,R1,BL1-H,BL1-A,Disabled,Disabled,Disabled,Disabled,Disabled,Disabled,Disabled,Disabled,Disabled,Disabled,Disabled,"125.620000"
N/A,IGP_II_20170327_re,Specimen,Sample(49),OSCAR_exp,BL1-A vs BL3-A,All Events,BL1-A,BL3-A,"30,371",Disabled,Disabled,Disabled,Disabled,Disabled,Disabled,Disabled,Disabled,Disabled,Disabled,"303.710000"
N/A,IGP_II_20170327_re,Specimen,Sample(49),OSCAR_exp,BL1-A vs BL3-A,culture population,BL1-A,BL3-A,"15,584",Disabled,Disabled,Disabled,Disabled,Disabled,Disabled,Disabled,Disabled,Disabled,Disabled,"155.840000"
N/A,IGP_II_20170327_re,Specimen,Sample(49),OSCAR_exp,BL1-H vs BL1-A,All Events,BL1-H,BL1-A,Disabled,Disabled,Disabled,Disabled,Disabled,Disabled,Disabled,Disabled,Disabled,Disabled,Disabled,"303.710000"
N/A,IGP_II_20170327_re,Specimen,Sample(49),OSCAR_exp,BL1-H vs BL1-A,R1,BL1-H,BL1-A,Disabled,Disabled,Disabled,Disabled,Disabled,Disabled,Disabled,Disabled,Disabled,Disabled,Disabled,"143.030000"
N/A,IGP_II_20170327_re,Specimen,Sample(50),OSCAR_exp,BL1-A vs BL3-A,All Events,BL1-A,BL3-A,"23,598",Disabled,Disabled,Disabled,Disabled,Disabled,Disabled,Disabled,Disabled,Disabled,Disabled,"235.980000"
N/A,IGP_II_20170327_re,Specimen,Sample(50),OSCAR_exp,BL1-A vs BL3-A,culture population,BL1-A,BL3-A,"13,559",Disabled,Disabled,Disabled,Disabled,Disabled,Disabled,Disabled,Disabled,Disabled,Disabled,"135.590000"
N/A,IGP_II_20170327_re,Specimen,Sample(50),OSCAR_exp,BL1-H vs BL1-A,All Events,BL1-H,BL1-A,Disabled,Disabled,Disabled,Disabled,Disabled,Disabled,Disabled,Disabled,Disabled,Disabled,Disabled,"235.980000"
N/A,IGP_II_20170327_re,Specimen,Sample(50),OSCAR_exp,BL1-H vs BL1-A,R1,BL1-H,BL1-A,Disabled,Disabled,Disabled,Disabled,Disabled,Disabled,Disabled,Disabled,Disabled,Disabled,Disabled,"124.970000"
N/A,IGP_II_20170327_re,Specimen,Sample(51),OSCAR_exp,BL1-A vs BL3-A,All Events,BL1-A,BL3-A,"29,890",Disabled,Disabled,Disabled,Disabled,Disabled,Disabled,Disabled,Disabled,Disabled,Disabled,"298.900000"
N/A,IGP_II_20170327_re,Specimen,Sample(51),OSCAR_exp,BL1-A vs BL3-A,culture population,BL1-A,BL3-A,"15,653",Disabled,Disabled,Disabled,Disabled,Disabled,Disabled,Disabled,Disabled,Disabled,Disabled,"156.530000"
N/A,IGP_II_20170327_re,Specimen,Sample(51),OSCAR_exp,BL1-H vs BL1-A,All Events,BL1-H,BL1-A,Disabled,Disabled,Disabled,Disabled,Disabled,Disabled,Disabled,Disabled,Disabled,Disabled,Disabled,"298.900000"
N/A,IGP_II_20170327_re,Specimen,Sample(51),OSCAR_exp,BL1-H vs BL1-A,R1,BL1-H,BL1-A,Disabled,Disabled,Disabled,Disabled,Disabled,Disabled,Disabled,Disabled,Disabled,Disabled,Disabled,"139.770000"
N/A,IGP_II_20170327_re,Specimen,Sample(52),OSCAR_exp,BL1-A vs BL3-A,All Events,BL1-A,BL3-A,"20,828",Disabled,Disabled,Disabled,Disabled,Disabled,Disabled,Disabled,Disabled,Disabled,Disabled,"208.280000"
N/A,IGP_II_20170327_re,Specimen,Sample(52),OSCAR_exp,BL1-A vs BL3-A,culture population,BL1-A,BL3-A,"10,614",Disabled,Disabled,Disabled,Disabled,Disabled,Disabled,Disabled,Disabled,Disabled,Disabled,"106.140000"
N/A,IGP_II_20170327_re,Specimen,Sample(52),OSCAR_exp,BL1-H vs BL1-A,All Events,BL1-H,BL1-A,Disabled,Disabled,Disabled,Disabled,Disabled,Disabled,Disabled,Disabled,Disabled,Disabled,Disabled,"208.280000"
N/A,IGP_II_20170327_re,Specimen,Sample(52),OSCAR_exp,BL1-H vs BL1-A,R1,BL1-H,BL1-A,Disabled,Disabled,Disabled,Disabled,Disabled,Disabled,Disabled,Disabled,Disabled,Disabled,Disabled,"95.030000"
N/A,IGP_II_20170327_re,Specimen,Sample(53),OSCAR_exp,BL1-A vs BL3-A,All Events,BL1-A,BL3-A,"88,954",Disabled,Disabled,Disabled,Disabled,Disabled,Disabled,Disabled,Disabled,Disabled,Disabled,"889.540000"
N/A,IGP_II_20170327_re,Specimen,Sample(53),OSCAR_exp,BL1-A vs BL3-A,culture population,BL1-A,BL3-A,"24,378",Disabled,Disabled,Disabled,Disabled,Disabled,Disabled,Disabled,Disabled,Disabled,Disabled,"243.780000"
N/A,IGP_II_20170327_re,Specimen,Sample(53),OSCAR_exp,BL1-H vs BL1-A,All Events,BL1-H,BL1-A,Disabled,Disabled,Disabled,Disabled,Disabled,Disabled,Disabled,Disabled,Disabled,Disabled,Disabled,"889.540000"
N/A,IGP_II_20170327_re,Specimen,Sample(53),OSCAR_exp,BL1-H vs BL1-A,R1,BL1-H,BL1-A,Disabled,Disabled,Disabled,Disabled,Disabled,Disabled,Disabled,Disabled,Disabled,Disabled,Disabled,"210.300000"
N/A,IGP_II_20170327_re,Specimen,Sample(54),OSCAR_exp,BL1-A vs BL3-A,All Events,BL1-A,BL3-A,"20,055",Disabled,Disabled,Disabled,Disabled,Disabled,Disabled,Disabled,Disabled,Disabled,Disabled,"200.550000"
N/A,IGP_II_20170327_re,Specimen,Sample(54),OSCAR_exp,BL1-A vs BL3-A,culture population,BL1-A,BL3-A,"11,081",Disabled,Disabled,Disabled,Disabled,Disabled,Disabled,Disabled,Disabled,Disabled,Disabled,"110.810000"
N/A,IGP_II_20170327_re,Specimen,Sample(54),OSCAR_exp,BL1-H vs BL1-A,All Events,BL1-H,BL1-A,Disabled,Disabled,Disabled,Disabled,Disabled,Disabled,Disabled,Disabled,Disabled,Disabled,Disabled,"200.550000"
N/A,IGP_II_20170327_re,Specimen,Sample(54),OSCAR_exp,BL1-H vs BL1-A,R1,BL1-H,BL1-A,Disabled,Disabled,Disabled,Disabled,Disabled,Disabled,Disabled,Disabled,Disabled,Disabled,Disabled,"99.740000"
N/A,IGP_II_20170327_re,Specimen,Sample(55),OSCAR_exp,BL1-A vs BL3-A,All Events,BL1-A,BL3-A,"10,000",Disabled,Disabled,Disabled,Disabled,Disabled,Disabled,Disabled,Disabled,Disabled,Disabled,"238.095238"
N/A,IGP_II_20170327_re,Specimen,Sample(55),OSCAR_exp,BL1-A vs BL3-A,culture population,BL1-A,BL3-A,"4,472",Disabled,Disabled,Disabled,Disabled,Disabled,Disabled,Disabled,Disabled,Disabled,Disabled,"106.476190"
N/A,IGP_II_20170327_re,Specimen,Sample(55),OSCAR_exp,BL1-H vs BL1-A,All Events,BL1-H,BL1-A,Disabled,Disabled,Disabled,Disabled,Disabled,Disabled,Disabled,Disabled,Disabled,Disabled,Disabled,"238.095238"
N/A,IGP_II_20170327_re,Specimen,Sample(55),OSCAR_exp,BL1-H vs BL1-A,R1,BL1-H,BL1-A,Disabled,Disabled,Disabled,Disabled,Disabled,Disabled,Disabled,Disabled,Disabled,Disabled,Disabled,"95.857143"
N/A,IGP_II_20170327_re,Specimen,Sample(56),OSCAR_exp,BL1-A vs BL3-A,All Events,BL1-A,BL3-A,"200,000",Disabled,Disabled,Disabled,Disabled,Disabled,Disabled,Disabled,Disabled,Disabled,Disabled,"956.937799"
N/A,IGP_II_20170327_re,Specimen,Sample(56),OSCAR_exp,BL1-A vs BL3-A,culture population,BL1-A,BL3-A,"58,095",Disabled,Disabled,Disabled,Disabled,Disabled,Disabled,Disabled,Disabled,Disabled,Disabled,"277.966507"
N/A,IGP_II_20170327_re,Specimen,Sample(56),OSCAR_exp,BL1-H vs BL1-A,All Events,BL1-H,BL1-A,Disabled,Disabled,Disabled,Disabled,Disabled,Disabled,Disabled,Disabled,Disabled,Disabled,Disabled,"956.937799"
N/A,IGP_II_20170327_re,Specimen,Sample(56),OSCAR_exp,BL1-H vs BL1-A,R1,BL1-H,BL1-A,Disabled,Disabled,Disabled,Disabled,Disabled,Disabled,Disabled,Disabled,Disabled,Disabled,Disabled,"242.028708"
N/A,IGP_II_20170327_re,Specimen,Sample(57),OSCAR_exp,BL1-A vs BL3-A,All Events,BL1-A,BL3-A,"184,586",Disabled,Disabled,Disabled,Disabled,Disabled,Disabled,Disabled,Disabled,Disabled,Disabled,"1,845.860000"
N/A,IGP_II_20170327_re,Specimen,Sample(57),OSCAR_exp,BL1-A vs BL3-A,culture population,BL1-A,BL3-A,"38,855",Disabled,Disabled,Disabled,Disabled,Disabled,Disabled,Disabled,Disabled,Disabled,Disabled,"388.550000"
N/A,IGP_II_20170327_re,Specimen,Sample(57),OSCAR_exp,BL1-H vs BL1-A,All Events,BL1-H,BL1-A,Disabled,Disabled,Disabled,Disabled,Disabled,Disabled,Disabled,Disabled,Disabled,Disabled,Disabled,"1,845.860000"
N/A,IGP_II_20170327_re,Specimen,Sample(57),OSCAR_exp,BL1-H vs BL1-A,R1,BL1-H,BL1-A,Disabled,Disabled,Disabled,Disabled,Disabled,Disabled,Disabled,Disabled,Disabled,Disabled,Disabled,"334.660000"
N/A,IGP_II_20170327_re,Specimen,Sample(58),OSCAR_exp,BL1-A vs BL3-A,All Events,BL1-A,BL3-A,"72,570",Disabled,Disabled,Disabled,Disabled,Disabled,Disabled,Disabled,Disabled,Disabled,Disabled,"725.700000"
N/A,IGP_II_20170327_re,Specimen,Sample(58),OSCAR_exp,BL1-A vs BL3-A,culture population,BL1-A,BL3-A,"27,156",Disabled,Disabled,Disabled,Disabled,Disabled,Disabled,Disabled,Disabled,Disabled,Disabled,"271.560000"
N/A,IGP_II_20170327_re,Specimen,Sample(58),OSCAR_exp,BL1-H vs BL1-A,All Events,BL1-H,BL1-A,Disabled,Disabled,Disabled,Disabled,Disabled,Disabled,Disabled,Disabled,Disabled,Disabled,Disabled,"725.700000"
N/A,IGP_II_20170327_re,Specimen,Sample(58),OSCAR_exp,BL1-H vs BL1-A,R1,BL1-H,BL1-A,Disabled,Disabled,Disabled,Disabled,Disabled,Disabled,Disabled,Disabled,Disabled,Disabled,Disabled,"245.530000"
N/A,IGP_II_20170327_re,Specimen,Sample(59),OSCAR_exp,BL1-A vs BL3-A,All Events,BL1-A,BL3-A,"50,938",Disabled,Disabled,Disabled,Disabled,Disabled,Disabled,Disabled,Disabled,Disabled,Disabled,"509.380000"
N/A,IGP_II_20170327_re,Specimen,Sample(59),OSCAR_exp,BL1-A vs BL3-A,culture population,BL1-A,BL3-A,"21,643",Disabled,Disabled,Disabled,Disabled,Disabled,Disabled,Disabled,Disabled,Disabled,Disabled,"216.430000"
N/A,IGP_II_20170327_re,Specimen,Sample(59),OSCAR_exp,BL1-H vs BL1-A,All Events,BL1-H,BL1-A,Disabled,Disabled,Disabled,Disabled,Disabled,Disabled,Disabled,Disabled,Disabled,Disabled,Disabled,"509.380000"
N/A,IGP_II_20170327_re,Specimen,Sample(59),OSCAR_exp,BL1-H vs BL1-A,R1,BL1-H,BL1-A,Disabled,Disabled,Disabled,Disabled,Disabled,Disabled,Disabled,Disabled,Disabled,Disabled,Disabled,"199.950000"
N/A,IGP_II_20170327_re,Specimen,Sample(60),OSCAR_exp,BL1-A vs BL3-A,All Events,BL1-A,BL3-A,"110,433",Disabled,Disabled,Disabled,Disabled,Disabled,Disabled,Disabled,Disabled,Disabled,Disabled,"1,104.330000"
N/A,IGP_II_20170327_re,Specimen,Sample(60),OSCAR_exp,BL1-A vs BL3-A,culture population,BL1-A,BL3-A,"22,636",Disabled,Disabled,Disabled,Disabled,Disabled,Disabled,Disabled,Disabled,Disabled,Disabled,"226.360000"
N/A,IGP_II_20170327_re,Specimen,Sample(60),OSCAR_exp,BL1-H vs BL1-A,All Events,BL1-H,BL1-A,Disabled,Disabled,Disabled,Disabled,Disabled,Disabled,Disabled,Disabled,Disabled,Disabled,Disabled,"1,104.330000"
N/A,IGP_II_20170327_re,Specimen,Sample(60),OSCAR_exp,BL1-H vs BL1-A,R1,BL1-H,BL1-A,Disabled,Disabled,Disabled,Disabled,Disabled,Disabled,Disabled,Disabled,Disabled,Disabled,Disabled,"197.430000"
N/A,IGP_II_20170327_re,Specimen,Sample(61),OSCAR_exp,BL1-A vs BL3-A,All Events,BL1-A,BL3-A,"92,692",Disabled,Disabled,Disabled,Disabled,Disabled,Disabled,Disabled,Disabled,Disabled,Disabled,"1,495.032258"
N/A,IGP_II_20170327_re,Specimen,Sample(61),OSCAR_exp,BL1-A vs BL3-A,culture population,BL1-A,BL3-A,"19,320",Disabled,Disabled,Disabled,Disabled,Disabled,Disabled,Disabled,Disabled,Disabled,Disabled,"311.612903"
N/A,IGP_II_20170327_re,Specimen,Sample(61),OSCAR_exp,BL1-H vs BL1-A,All Events,BL1-H,BL1-A,Disabled,Disabled,Disabled,Disabled,Disabled,Disabled,Disabled,Disabled,Disabled,Disabled,Disabled,"1,495.032258"
N/A,IGP_II_20170327_re,Specimen,Sample(61),OSCAR_exp,BL1-H vs BL1-A,R1,BL1-H,BL1-A,Disabled,Disabled,Disabled,Disabled,Disabled,Disabled,Disabled,Disabled,Disabled,Disabled,Disabled,"269.677419"
N/A,IGP_II_20170327_re,Specimen,Sample(62),OSCAR_exp,BL1-A vs BL3-A,All Events,BL1-A,BL3-A,"200,000",Disabled,Disabled,Disabled,Disabled,Disabled,Disabled,Disabled,Disabled,Disabled,Disabled,"4,081.632653"
N/A,IGP_II_20170327_re,Specimen,Sample(62),OSCAR_exp,BL1-A vs BL3-A,culture population,BL1-A,BL3-A,"38,828",Disabled,Disabled,Disabled,Disabled,Disabled,Disabled,Disabled,Disabled,Disabled,Disabled,"792.408163"
N/A,IGP_II_20170327_re,Specimen,Sample(62),OSCAR_exp,BL1-H vs BL1-A,All Events,BL1-H,BL1-A,Disabled,Disabled,Disabled,Disabled,Disabled,Disabled,Disabled,Disabled,Disabled,Disabled,Disabled,"4,081.632653"
N/A,IGP_II_20170327_re,Specimen,Sample(62),OSCAR_exp,BL1-H vs BL1-A,R1,BL1-H,BL1-A,Disabled,Disabled,Disabled,Disabled,Disabled,Disabled,Disabled,Disabled,Disabled,Disabled,Disabled,"623.142857"
N/A,IGP_II_20170327_re,Specimen,Sample(63),OSCAR_exp,BL1-A vs BL3-A,All Events,BL1-A,BL3-A,"200,000",Disabled,Disabled,Disabled,Disabled,Disabled,Disabled,Disabled,Disabled,Disabled,Disabled,"2,469.135802"
N/A,IGP_II_20170327_re,Specimen,Sample(63),OSCAR_exp,BL1-A vs BL3-A,culture population,BL1-A,BL3-A,"66,007",Disabled,Disabled,Disabled,Disabled,Disabled,Disabled,Disabled,Disabled,Disabled,Disabled,"814.901235"
N/A,IGP_II_20170327_re,Specimen,Sample(63),OSCAR_exp,BL1-H vs BL1-A,All Events,BL1-H,BL1-A,Disabled,Disabled,Disabled,Disabled,Disabled,Disabled,Disabled,Disabled,Disabled,Disabled,Disabled,"2,469.135802"
N/A,IGP_II_20170327_re,Specimen,Sample(63),OSCAR_exp,BL1-H vs BL1-A,R1,BL1-H,BL1-A,Disabled,Disabled,Disabled,Disabled,Disabled,Disabled,Disabled,Disabled,Disabled,Disabled,Disabled,"580.481481"
N/A,IGP_II_20170327_re,Specimen,Sample(64),OSCAR_exp,BL1-A vs BL3-A,All Events,BL1-A,BL3-A,"200,000",Disabled,Disabled,Disabled,Disabled,Disabled,Disabled,Disabled,Disabled,Disabled,Disabled,"3,846.153846"
N/A,IGP_II_20170327_re,Specimen,Sample(64),OSCAR_exp,BL1-A vs BL3-A,culture population,BL1-A,BL3-A,"60,648",Disabled,Disabled,Disabled,Disabled,Disabled,Disabled,Disabled,Disabled,Disabled,Disabled,"1,166.307692"
N/A,IGP_II_20170327_re,Specimen,Sample(64),OSCAR_exp,BL1-H vs BL1-A,All Events,BL1-H,BL1-A,Disabled,Disabled,Disabled,Disabled,Disabled,Disabled,Disabled,Disabled,Disabled,Disabled,Disabled,"3,846.153846"
N/A,IGP_II_20170327_re,Specimen,Sample(64),OSCAR_exp,BL1-H vs BL1-A,R1,BL1-H,BL1-A,Disabled,Disabled,Disabled,Disabled,Disabled,Disabled,Disabled,Disabled,Disabled,Disabled,Disabled,"946.865385"
N/A,IGP_II_20170327_re,Specimen,Sample(65),OSCAR_exp,BL1-A vs BL3-A,All Events,BL1-A,BL3-A,"200,000",Disabled,Disabled,Disabled,Disabled,Disabled,Disabled,Disabled,Disabled,Disabled,Disabled,"2,020.202020"
N/A,IGP_II_20170327_re,Specimen,Sample(65),OSCAR_exp,BL1-A vs BL3-A,culture population,BL1-A,BL3-A,"62,544",Disabled,Disabled,Disabled,Disabled,Disabled,Disabled,Disabled,Disabled,Disabled,Disabled,"631.757576"
N/A,IGP_II_20170327_re,Specimen,Sample(65),OSCAR_exp,BL1-H vs BL1-A,All Events,BL1-H,BL1-A,Disabled,Disabled,Disabled,Disabled,Disabled,Disabled,Disabled,Disabled,Disabled,Disabled,Disabled,"2,020.202020"
N/A,IGP_II_20170327_re,Specimen,Sample(65),OSCAR_exp,BL1-H vs BL1-A,R1,BL1-H,BL1-A,Disabled,Disabled,Disabled,Disabled,Disabled,Disabled,Disabled,Disabled,Disabled,Disabled,Disabled,"470.858586"
N/A,IGP_II_20170327_re,Specimen,Sample(66),OSCAR_exp,BL1-A vs BL3-A,All Events,BL1-A,BL3-A,"127,733",Disabled,Disabled,Disabled,Disabled,Disabled,Disabled,Disabled,Disabled,Disabled,Disabled,"1,277.330000"
N/A,IGP_II_20170327_re,Specimen,Sample(66),OSCAR_exp,BL1-A vs BL3-A,culture population,BL1-A,BL3-A,"59,711",Disabled,Disabled,Disabled,Disabled,Disabled,Disabled,Disabled,Disabled,Disabled,Disabled,"597.110000"
N/A,IGP_II_20170327_re,Specimen,Sample(66),OSCAR_exp,BL1-H vs BL1-A,All Events,BL1-H,BL1-A,Disabled,Disabled,Disabled,Disabled,Disabled,Disabled,Disabled,Disabled,Disabled,Disabled,Disabled,"1,277.330000"
N/A,IGP_II_20170327_re,Specimen,Sample(66),OSCAR_exp,BL1-H vs BL1-A,R1,BL1-H,BL1-A,Disabled,Disabled,Disabled,Disabled,Disabled,Disabled,Disabled,Disabled,Disabled,Disabled,Disabled,"522.790000"
N/A,IGP_II_20170327_re,Specimen,Sample(67),OSCAR_exp,BL1-A vs BL3-A,All Events,BL1-A,BL3-A,"37,893",Disabled,Disabled,Disabled,Disabled,Disabled,Disabled,Disabled,Disabled,Disabled,Disabled,"378.930000"
N/A,IGP_II_20170327_re,Specimen,Sample(67),OSCAR_exp,BL1-A vs BL3-A,culture population,BL1-A,BL3-A,"15,880",Disabled,Disabled,Disabled,Disabled,Disabled,Disabled,Disabled,Disabled,Disabled,Disabled,"158.800000"
N/A,IGP_II_20170327_re,Specimen,Sample(67),OSCAR_exp,BL1-H vs BL1-A,All Events,BL1-H,BL1-A,Disabled,Disabled,Disabled,Disabled,Disabled,Disabled,Disabled,Disabled,Disabled,Disabled,Disabled,"378.930000"
N/A,IGP_II_20170327_re,Specimen,Sample(67),OSCAR_exp,BL1-H vs BL1-A,R1,BL1-H,BL1-A,Disabled,Disabled,Disabled,Disabled,Disabled,Disabled,Disabled,Disabled,Disabled,Disabled,Disabled,"143.390000"
N/A,IGP_II_20170327_re,Specimen,Sample(68),OSCAR_exp,BL1-A vs BL3-A,All Events,BL1-A,BL3-A,"160,527",Disabled,Disabled,Disabled,Disabled,Disabled,Disabled,Disabled,Disabled,Disabled,Disabled,"1,605.270000"
N/A,IGP_II_20170327_re,Specimen,Sample(68),OSCAR_exp,BL1-A vs BL3-A,culture population,BL1-A,BL3-A,"64,444",Disabled,Disabled,Disabled,Disabled,Disabled,Disabled,Disabled,Disabled,Disabled,Disabled,"644.440000"
N/A,IGP_II_20170327_re,Specimen,Sample(68),OSCAR_exp,BL1-H vs BL1-A,All Events,BL1-H,BL1-A,Disabled,Disabled,Disabled,Disabled,Disabled,Disabled,Disabled,Disabled,Disabled,Disabled,Disabled,"1,605.270000"
N/A,IGP_II_20170327_re,Specimen,Sample(68),OSCAR_exp,BL1-H vs BL1-A,R1,BL1-H,BL1-A,Disabled,Disabled,Disabled,Disabled,Disabled,Disabled,Disabled,Disabled,Disabled,Disabled,Disabled,"527.340000"
N/A,IGP_II_20170327_re,Specimen,Sample(69),OSCAR_exp,BL1-A vs BL3-A,All Events,BL1-A,BL3-A,"20,080",Disabled,Disabled,Disabled,Disabled,Disabled,Disabled,Disabled,Disabled,Disabled,Disabled,"200.800000"
N/A,IGP_II_20170327_re,Specimen,Sample(69),OSCAR_exp,BL1-A vs BL3-A,culture population,BL1-A,BL3-A,"13,305",Disabled,Disabled,Disabled,Disabled,Disabled,Disabled,Disabled,Disabled,Disabled,Disabled,"133.050000"
N/A,IGP_II_20170327_re,Specimen,Sample(69),OSCAR_exp,BL1-H vs BL1-A,All Events,BL1-H,BL1-A,Disabled,Disabled,Disabled,Disabled,Disabled,Disabled,Disabled,Disabled,Disabled,Disabled,Disabled,"200.800000"
N/A,IGP_II_20170327_re,Specimen,Sample(69),OSCAR_exp,BL1-H vs BL1-A,R1,BL1-H,BL1-A,Disabled,Disabled,Disabled,Disabled,Disabled,Disabled,Disabled,Disabled,Disabled,Disabled,Disabled,"114.870000"
N/A,IGP_II_20170327_re,Specimen,Sample(70),OSCAR_exp,BL1-A vs BL3-A,All Events,BL1-A,BL3-A,"158,786",Disabled,Disabled,Disabled,Disabled,Disabled,Disabled,Disabled,Disabled,Disabled,Disabled,"1,587.860000"
N/A,IGP_II_20170327_re,Specimen,Sample(70),OSCAR_exp,BL1-A vs BL3-A,culture population,BL1-A,BL3-A,"63,895",Disabled,Disabled,Disabled,Disabled,Disabled,Disabled,Disabled,Disabled,Disabled,Disabled,"638.950000"
N/A,IGP_II_20170327_re,Specimen,Sample(70),OSCAR_exp,BL1-H vs BL1-A,All Events,BL1-H,BL1-A,Disabled,Disabled,Disabled,Disabled,Disabled,Disabled,Disabled,Disabled,Disabled,Disabled,Disabled,"1,587.860000"
N/A,IGP_II_20170327_re,Specimen,Sample(70),OSCAR_exp,BL1-H vs BL1-A,R1,BL1-H,BL1-A,Disabled,Disabled,Disabled,Disabled,Disabled,Disabled,Disabled,Disabled,Disabled,Disabled,Disabled,"550.630000"
